index,participant,session,is_correct
0,200,brown,0.9895833333333334
3,201,brown,0.9895833333333334
6,202,brown,0.9791666666666666
9,203,brown,0.9791666666666666
12,204,brown,0.9791666666666666
15,301,brown,0.96875
18,302,brown,0.9375
21,303,brown,0.9479166666666666
24,304,brown,0.9895833333333334
27,305,brown,0.9375
30,306,brown,0.96875
33,307,brown,0.9791666666666666
36,364109,brown,0.9895833333333334
